{
    "media_gol_casa_campionato": 1.7189542483660132,
    "media_gol_trasferta_campionato": 1.457516339869281,
    "media_gol_1T_casa_campionato": 0.7892156862745098,
    "media_gol_1T_trasferta_campionato": 0.6977124183006536,
    "media_tiri_casa_campionato": 14.705882352941176,
    "media_tiri_trasferta_campionato": 11.740196078431373,
    "media_tiri_porta_casa_campionato": 5.2973856209150325,
    "media_tiri_porta_trasferta_campionato": 4.258169934640523,
    "media_corner_casa_campionato": 5.549019607843137,
    "media_corner_trasferta_campionato": 4.200980392156863,
    "media_falli_casa_campionato": 10.777777777777779,
    "media_falli_trasferta_campionato": 11.102941176470589,
    "media_gialli_casa_campionato": 1.8660130718954249,
    "media_gialli_trasferta_campionato": 2.1258169934640523,
    "media_rossi_casa_campionato": 0.0784313725490196,
    "media_rossi_trasferta_campionato": 0.10130718954248366
}