{
    "media_gol_casa_campionato": 1.5913461538461537,
    "media_gol_trasferta_campionato": 1.1955128205128205,
    "media_gol_1T_casa_campionato": 0.7003205128205128,
    "media_gol_1T_trasferta_campionato": 0.5817307692307693,
    "media_tiri_casa_campionato": 14.338141025641026,
    "media_tiri_trasferta_campionato": 11.866987179487179,
    "media_tiri_porta_casa_campionato": 5.05448717948718,
    "media_tiri_porta_trasferta_campionato": 4.217948717948718,
    "media_corner_casa_campionato": 5.4006410256410255,
    "media_corner_trasferta_campionato": 4.532051282051282,
    "media_falli_casa_campionato": 10.368589743589743,
    "media_falli_trasferta_campionato": 11.496794871794872,
    "media_gialli_casa_campionato": 1.705128205128205,
    "media_gialli_trasferta_campionato": 2.0881410256410255,
    "media_rossi_casa_campionato": 0.07532051282051282,
    "media_rossi_trasferta_campionato": 0.125
}