{
    "media_gol_casa_campionato": 1.4934640522875817,
    "media_gol_trasferta_campionato": 1.223856209150327,
    "media_gol_1T_casa_campionato": 0.6584967320261438,
    "media_gol_1T_trasferta_campionato": 0.5392156862745098,
    "media_tiri_casa_campionato": 12.707516339869281,
    "media_tiri_trasferta_campionato": 10.727124183006536,
    "media_tiri_porta_casa_campionato": 4.516339869281046,
    "media_tiri_porta_trasferta_campionato": 3.8905228758169934,
    "media_corner_casa_campionato": 5.437908496732026,
    "media_corner_trasferta_campionato": 4.411764705882353,
    "media_falli_casa_campionato": 13.96078431372549,
    "media_falli_trasferta_campionato": 13.426470588235293,
    "media_gialli_casa_campionato": 2.380718954248366,
    "media_gialli_trasferta_campionato": 2.5833333333333335,
    "media_rossi_casa_campionato": 0.12254901960784313,
    "media_rossi_trasferta_campionato": 0.14869281045751634
}