{
    "media_gol_casa_campionato": 1.5277777777777777,
    "media_gol_trasferta_campionato": 1.3104575163398693,
    "media_gol_1T_casa_campionato": 0.6813725490196079,
    "media_gol_1T_trasferta_campionato": 0.576797385620915,
    "media_tiri_casa_campionato": 13.665032679738562,
    "media_tiri_trasferta_campionato": 11.446078431372548,
    "media_tiri_porta_casa_campionato": 4.957516339869281,
    "media_tiri_porta_trasferta_campionato": 4.26797385620915,
    "media_corner_casa_campionato": 5.0130718954248366,
    "media_corner_trasferta_campionato": 4.361111111111111,
    "media_falli_casa_campionato": 12.052287581699346,
    "media_falli_trasferta_campionato": 12.423202614379084,
    "media_gialli_casa_campionato": 1.7892156862745099,
    "media_gialli_trasferta_campionato": 2.031045751633987,
    "media_rossi_casa_campionato": 0.10784313725490197,
    "media_rossi_trasferta_campionato": 0.11274509803921569
}