{
    "media_gol_casa_campionato": 1.6565789473684212,
    "media_gol_trasferta_campionato": 1.45,
    "media_gol_1T_casa_campionato": 0.743421052631579,
    "media_gol_1T_trasferta_campionato": 0.618421052631579,
    "media_tiri_casa_campionato": 14.577631578947368,
    "media_tiri_trasferta_campionato": 12.173684210526316,
    "media_tiri_porta_casa_campionato": 5.135526315789473,
    "media_tiri_porta_trasferta_campionato": 4.348684210526316,
    "media_corner_casa_campionato": 5.775,
    "media_corner_trasferta_campionato": 4.792105263157895,
    "media_falli_casa_campionato": 10.767105263157895,
    "media_falli_trasferta_campionato": 11.311842105263159,
    "media_gialli_casa_campionato": 1.9078947368421053,
    "media_gialli_trasferta_campionato": 2.2039473684210527,
    "media_rossi_casa_campionato": 0.06842105263157895,
    "media_rossi_trasferta_campionato": 0.075
}