{
    "media_gol_casa_campionato": 1.6764705882352942,
    "media_gol_trasferta_campionato": 1.3823529411764706,
    "media_gol_1T_casa_campionato": 0.7647058823529411,
    "media_gol_1T_trasferta_campionato": 0.6160130718954249,
    "media_tiri_casa_campionato": 14.519607843137255,
    "media_tiri_trasferta_campionato": 12.50326797385621,
    "media_tiri_porta_casa_campionato": 5.1683006535947715,
    "media_tiri_porta_trasferta_campionato": 4.426470588235294,
    "media_corner_casa_campionato": 5.632352941176471,
    "media_corner_trasferta_campionato": 4.787581699346405,
    "media_falli_casa_campionato": 11.55718954248366,
    "media_falli_trasferta_campionato": 11.82843137254902,
    "media_gialli_casa_campionato": 2.156862745098039,
    "media_gialli_trasferta_campionato": 2.3300653594771243,
    "media_rossi_casa_campionato": 0.08986928104575163,
    "media_rossi_trasferta_campionato": 0.11274509803921569,
    "num_squadre_campionato": 18
}