{
    "media_gol_casa_campionato": 1.7320261437908497,
    "media_gol_trasferta_campionato": 1.3823529411764706,
    "media_gol_1T_casa_campionato": 0.7401960784313726,
    "media_gol_1T_trasferta_campionato": 0.5784313725490197,
    "media_tiri_casa_campionato": 15.287581699346406,
    "media_tiri_trasferta_campionato": 11.908496732026144,
    "media_tiri_porta_casa_campionato": 5.44281045751634,
    "media_tiri_porta_trasferta_campionato": 4.303921568627451,
    "media_corner_casa_campionato": 5.71078431372549,
    "media_corner_trasferta_campionato": 4.532679738562091,
    "media_falli_casa_campionato": 9.68954248366013,
    "media_falli_trasferta_campionato": 10.204248366013072,
    "media_gialli_casa_campionato": 1.2777777777777777,
    "media_gialli_trasferta_campionato": 1.6699346405228759,
    "media_rossi_casa_campionato": 0.08986928104575163,
    "media_rossi_trasferta_campionato": 0.07679738562091504,
    "num_squadre_campionato": 18
}