{
    "media_gol_casa_campionato": 1.4087591240875912,
    "media_gol_trasferta_campionato": 1.1036496350364964,
    "media_gol_1T_casa_campionato": 0.6072992700729927,
    "media_gol_1T_trasferta_campionato": 0.5007299270072992,
    "media_tiri_casa_campionato": 12.715328467153284,
    "media_tiri_trasferta_campionato": 10.693430656934307,
    "media_tiri_porta_casa_campionato": 4.512408759124088,
    "media_tiri_porta_trasferta_campionato": 3.7927007299270072,
    "media_corner_casa_campionato": 5.093430656934307,
    "media_corner_trasferta_campionato": 4.337226277372263,
    "media_falli_casa_campionato": 12.937226277372263,
    "media_falli_trasferta_campionato": 13.45109489051095,
    "media_gialli_casa_campionato": 1.7094890510948906,
    "media_gialli_trasferta_campionato": 1.8583941605839416,
    "media_rossi_casa_campionato": 0.10218978102189781,
    "media_rossi_trasferta_campionato": 0.10656934306569343,
    "num_squadre_campionato": 18
}