{
    "media_gol_casa_campionato": 1.3473684210526315,
    "media_gol_trasferta_campionato": 1.144736842105263,
    "media_gol_1T_casa_campionato": 0.6052631578947368,
    "media_gol_1T_trasferta_campionato": 0.531578947368421,
    "media_tiri_casa_campionato": 13.846052631578948,
    "media_tiri_trasferta_campionato": 11.785526315789474,
    "media_tiri_porta_casa_campionato": 4.3881578947368425,
    "media_tiri_porta_trasferta_campionato": 3.7605263157894737,
    "media_corner_casa_campionato": 5.028947368421052,
    "media_corner_trasferta_campionato": 4.230263157894737,
    "media_falli_casa_campionato": 14.130263157894737,
    "media_falli_trasferta_campionato": 14.063157894736841,
    "media_gialli_casa_campionato": 2.3710526315789475,
    "media_gialli_trasferta_campionato": 2.638157894736842,
    "media_rossi_casa_campionato": 0.09473684210526316,
    "media_rossi_trasferta_campionato": 0.13421052631578947,
    "num_squadre_campionato": 20
}