{
    "media_gol_casa_campionato": 1.3868421052631579,
    "media_gol_trasferta_campionato": 1.1986842105263158,
    "media_gol_1T_casa_campionato": 0.593421052631579,
    "media_gol_1T_trasferta_campionato": 0.5289473684210526,
    "media_tiri_casa_campionato": 13.6,
    "media_tiri_trasferta_campionato": 11.2,
    "media_tiri_porta_casa_campionato": 4.461842105263158,
    "media_tiri_porta_trasferta_campionato": 3.7276315789473684,
    "media_corner_casa_campionato": 5.3355263157894735,
    "media_corner_trasferta_campionato": 4.135526315789473,
    "media_falli_casa_campionato": 11.972368421052632,
    "media_falli_trasferta_campionato": 12.55921052631579,
    "media_gialli_casa_campionato": 1.8526315789473684,
    "media_gialli_trasferta_campionato": 2.2171052631578947,
    "media_rossi_casa_campionato": 0.09078947368421053,
    "media_rossi_trasferta_campionato": 0.09473684210526316,
    "num_squadre_campionato": 20
}